"SampleID","SalmonID","Genotypic sex","species","Genetic_Stock_Best_Estimate","Probability_Best_Estimate","Genetic_Stock_2nd_Best_Estimate","Probability_2nd_Best_Estimate","PBT_Estimate","PBT_Hatchery_Probability"
"90839-001",50050,"M","chinook","Mid.Up_Columbia_R_sp","0.6564","Snake_R_sp","0.3436","Little_White_Salmon_sp","0.998581"
"90839-002",50051,"F","chinook","Snake_R_sp","0.81373722","Mid.Up_Columbia_R_sp","0.18606278","Lookingglass","0.998646"
"90839-003",50052,"F","chinook","Snake_R_sp","0.66073392","Mid.Up_Columbia_R_sp","0.33916608","Leavenworth","0.999059"
"90839-004",50053,"F","chinook","Snake_R_sp","0.5954","Mid.Up_Columbia_R_sp","0.4046","Dworshak","0.994260"
"90839-005",50054,"F","chinook","Spring_Cr_Group_tule","1","Deschutes_R_fa","0",NA,NA
"90839-006",50055,"M","chinook","Snake_R_sp","0.9998","Deschutes_R_fa","0","Sawtooth","0.988212"
"90839-007",50056,"M","chinook","Snake_R_sp","0.992","Mid.Up_Columbia_R_sp","0.008","Rapid_River","0.993393"
"90839-008",50057,"F","chinook","Snake_R_sp","0.686","Mid.Up_Columbia_R_sp","0.314","Leavenworth","0.983124"
"90839-009",50058,"F","chinook","Willamette_R","1","Deschutes_R_fa","0",NA,NA
"90839-010",50059,"F","chinook","Snake_R_sp","1","Deschutes_R_fa","0",NA,NA
"90839-012",50061,"F","chinook","Mid.Up_Columbia_R_sp","0.90824565","Snake_R_sp","0.09125435","Eastbank_sp","0.999996"
"90839-013",50062,"M","chinook","Mid.Up_Columbia_R_sp","0.7911444","Snake_R_sp","0.2027556","Dworshak","0.992403"
"90839-014",50063,"M","chinook","Mid.Up_Columbia_R_sp","0.6138","Snake_R_sp","0.3862","Carson","0.996010"
"90839-015",50064,"M","chinook","Willamette_R","1","Deschutes_R_fa","0",NA,NA
"90839-016",50065,"F","chinook","Snake_R_sp","0.998","Mid.Up_Columbia_R_sp","0.002","Clearwater","0.998921"
"90839-017",50066,"F","chinook","Snake_R_sp","0.51563218","Mid.Up_Columbia_R_sp","0.48326782","McCall","0.998434"
"90839-018",50067,"F","chinook","Mid.Up_Columbia_R_sp","0.8188803","Snake_R_sp","0.1801197","Leavenworth","0.984783"
"90839-019",50068,"F","chinook","Willamette_R","0.9963","Deschutes_R_fa","0",NA,NA
"90839-020",50069,"F","chinook","Willamette_R","1","Deschutes_R_fa","0",NA,NA
"90839-022",50071,"M","chinook","Mid.Up_Columbia_R_sp","0.55787676","Snake_R_sp","0.44172324","Leavenworth","0.945070"
"90839-023",50072,"F","chinook","Mid.Up_Columbia_R_sp","0.51139536","Snake_R_sp","0.48820464","Clearwater","0.999539"
"90839-024",50073,"M","chinook","Mid.Up_Columbia_R_sp","0.5023","Snake_R_sp","0.4977","Little_White_Salmon_sp","0.996527"
"90839-025",50074,"M","chinook","Snake_R_sp","0.9998","Mid.Up_Columbia_R_sp","0.0002","Rapid_River","0.989356"
"90839-026",50075,"M","chinook","Mid.Up_Columbia_R_sp","0.9918","Deschutes_R_fa","0","Eastbank_sp","0.715428"
"90839-027",50076,"M","chinook","Willamette_R","1","Deschutes_R_fa","0","McKenzie","0.997670"
"90839-028",50077,"F","chinook","Willamette_R","0.9977012","W_Cascade_sp","0.0014988","S_Santiam","0.987416"
"90839-029",50078,"M","chinook","Willamette_R","0.9999","Deschutes_R_fa","0","Minto","0.989272"
"90839-030",50079,"F","chinook","Willamette_R","1","Deschutes_R_fa","0",NA,NA
"90839-031",50080,"M","chinook","Willamette_R","1","Deschutes_R_fa","0",NA,NA
"90839-032",50081,"F","chinook","W_Cascade_sp","0.99090588","W_Cascade_fa","0.00829419",NA,NA
"90839-033",50082,"M","chinook","Willamette_R","1","Deschutes_R_fa","0",NA,NA
"90839-034",50083,"F","chinook","W_Cascade_sp","0.9129032","W_Cascade_fa","0.0006398",NA,NA
"90839-035",50084,"M","chinook","Willamette_R","0.9999","Deschutes_R_fa","0",NA,NA
"90839-036",50085,"M","chinook","Willamette_R","1","Deschutes_R_fa","0",NA,NA
"90839-039",50088,"F","chinook","Snake_R_sp","0.82739358","Mid.Up_Columbia_R_sp","0.16970642","McCall","0.998092"
"90839-040",50099,"M","chinook","Mid.Up_Columbia_R_sp","0.78372162","Snake_R_sp","0.21617838","Clearwater","0.997386"
"90839-041",50110,"M","chinook","Mid.Up_Columbia_R_sp","0.99300864","Snake_R_sp","0.00539136","Carson","0.998320"
"90839-043",50112,"F","chinook","Mid.Up_Columbia_R_sp","0.9998","Snake_R_sp","0.0002","Parkdale","0.999343"
"90839-044",50113,"M","chinook","Mid.Up_Columbia_R_sp","0.9474","Snake_R_sp","0.0526","Leavenworth","0.994753"
"90839-045",50114,"F","chinook","Mid.Up_Columbia_R_sp","0.8201","Snake_R_sp","0.1799","Carson","0.827418"
"90839-047",50116,"F","chinook","Snake_R_sp","0.99360063","Mid.Up_Columbia_R_sp","0.00629937","Dworshak","0.997401"
"90839-048",50117,"F","chinook","Mid.Up_Columbia_R_sp","0.8638","Snake_R_sp","0.1362",NA,NA
"90839-049",50118,"F","chinook","Snake_R_sp","0.9941","Mid.Up_Columbia_R_sp","0.0059","Rapid_River","0.998623"
"90839-050",50119,"F","chinook","Snake_R_sp","0.85952806","Mid.Up_Columbia_R_sp","0.14027194","Dworshak","0.995706"
"90839-051",50120,"F","chinook","Mid.Up_Columbia_R_sp","0.8149358","Snake_R_sp","0.1734642","Carson","0.989034"
"90839-052",50121,"M","chinook","Up_Columbia_R_su.fa","0.88651134","Snake_R_fa","0.11328867","Entiat","0.593483"
"90839-053",50122,"F","chinook","Mid.Up_Columbia_R_sp","0.9818","Snake_R_sp","0.0182",NA,NA
"90839-054",50123,"F","chinook","Mid.Up_Columbia_R_sp","0.979011","Snake_R_sp","0.009889","Carson","0.997941"
"90839-055",50124,"F","chinook","Mid.Up_Columbia_R_sp","0.827169","Snake_R_sp","0.172431","Leavenworth","0.998968"
"90839-056",50125,"M","chinook","Snake_R_sp","0.981","Mid.Up_Columbia_R_sp","0.019","Rapid_River","0.999122"
"90839-057",50126,"F","chinook","Snake_R_sp","0.9989","Mid.Up_Columbia_R_sp","0.0011","Lookingglass","0.986576"
"90839-058",50127,"M","chinook","Mid.Up_Columbia_R_sp","0.9617114","Snake_R_sp","0.0379886","Clearwater","0.983641"
"90839-059",50128,"M","chinook","Mid.Up_Columbia_R_sp","0.66582424","Snake_R_sp","0.32557576","Chief_Joseph_sp","0.998905"
"90839-060",50129,"F","chinook","Snake_R_sp","0.7185","Mid.Up_Columbia_R_sp","0.2815","Clearwater","0.997643"
"90839-061",50130,"F","chinook","Snake_R_sp","0.9975","Deschutes_R_fa","0",NA,NA
"90839-063",50132,"F","chinook","Snake_R_sp","0.99800051","Mid.Up_Columbia_R_sp","0.00169949","Rapid_River","0.997846"
"90839-065",50134,"F","chinook","Snake_R_sp","1","Deschutes_R_fa","0","Rapid_River","0.999932"
"90839-066",50135,"F","chinook","Willamette_R","1","Deschutes_R_fa","0",NA,NA
"90839-067",50136,"F","chinook","Mid.Up_Columbia_R_sp","0.8972","Snake_R_sp","0.1028",NA,NA
"90839-069",50138,"M","chinook","Snake_R_sp","0.9802","Mid.Up_Columbia_R_sp","0.0198",NA,NA
"90839-071",50140,"F","chinook","Mid.Up_Columbia_R_sp","0.84003222","Snake_R_sp","0.15786778","Carson","0.983911"
"90839-072",50141,"M","chinook","Mid.Up_Columbia_R_sp","0.81621837","Snake_R_sp","0.18368163","Dworshak","0.999712"
"90839-074",50143,"F","chinook","Snake_R_sp","0.9987","Mid.Up_Columbia_R_sp","0.0013",NA,NA
"90839-075",50144,"F","chinook","Snake_R_sp","0.9871","Mid.Up_Columbia_R_sp","0.0129","Sawtooth","0.996260"
"90839-076",50145,"M","chinook","Mid.Up_Columbia_R_sp","0.9998","Deschutes_R_fa","0","Parkdale","0.998933"
"90839-077",50146,"F","chinook","Snake_R_sp","0.9999","Mid.Up_Columbia_R_sp","0.0001",NA,NA
"90839-078",50147,"M","chinook","Mid.Up_Columbia_R_sp","0.9995","Snake_R_sp","0.0005","Little_White_Salmon_sp","0.997979"
"90839-079",50148,"F","chinook","Mid.Up_Columbia_R_sp","0.8588124","Snake_R_sp","0.1403876","Clearwater","0.994000"
"90839-080",50149,"F","chinook","Mid.Up_Columbia_R_sp","0.5842","Snake_R_sp","0.4158","Dworshak","0.999357"
"90839-083",50152,"F","chinook","Mid.Up_Columbia_R_sp","0.6308432","Snake_R_sp","0.3023568","Carson","0.997994"
"90839-084",50153,"F","chinook","Snake_R_sp","0.9285355","Mid.Up_Columbia_R_sp","0.0709645","Winthrop","0.998830"
"90839-086",50155,"F","chinook","Snake_R_sp","0.69529135","Mid.Up_Columbia_R_sp","0.30440865","Lookingglass","0.997353"
"90839-087",50156,"F","chinook","Mid.Up_Columbia_R_sp","0.9902144","Snake_R_sp","0.0079856","Carson","0.990951"
"90839-088",50157,"F","chinook","Snake_R_sp","0.9961","Mid.Up_Columbia_R_sp","0.0039","Dworshak","0.999009"
"90839-090",50159,"F","chinook","Mid.Up_Columbia_R_sp","0.9399357","Snake_R_sp","0.0594643","Parkdale","0.997291"
"90839-091",50160,"F","chinook","Snake_R_sp","0.89403171","Mid.Up_Columbia_R_sp","0.10566829",NA,NA
"90839-092",50161,"F","chinook","Snake_R_sp","1","Deschutes_R_fa","0",NA,NA
"90839-093",50162,"F","chinook","Snake_R_sp","0.9435","Mid.Up_Columbia_R_sp","0.0565",NA,NA
"90839-094",50163,"M","chinook","Mid.Up_Columbia_R_sp","0.9240471","Snake_R_sp","0.0144529","Little_White_Salmon_sp","0.999824"
"90839-095",50164,"F","chinook","Snake_R_sp","0.9986","Mid.Up_Columbia_R_sp","0.0014","Pahsimeroi","0.989599"
"90839-097",50166,"M","chinook","Snake_R_sp","1","Deschutes_R_fa","0","Rapid_River","0.999096"
"90839-098",50167,"F","chinook","Snake_R_sp","0.9995","Mid.Up_Columbia_R_sp","0.0005","Pahsimeroi","0.995493"
"90839-100",50169,"M","chinook","Mid.Up_Columbia_R_sp","0.9781086","Snake_R_sp","0.0214914","McCall","0.999148"
"90839-101",50170,"M","chinook","Mid.Up_Columbia_R_sp","0.95636736","Snake_R_sp","0.04203264",NA,NA
"90839-102",50171,"M","chinook","Snake_R_sp","0.9999","Mid.Up_Columbia_R_sp","0.0001","Rapid_River","0.971604"
"90839-104",50173,"F","chinook","Snake_R_sp","1","Deschutes_R_fa","0","Rapid_River","0.998428"
"90839-105",50174,"M","chinook","Snake_R_sp","0.96161624","Mid.Up_Columbia_R_sp","0.03158376",NA,NA
"90839-106",50175,"M","chinook","Willamette_R","0.9999","Deschutes_R_fa","0",NA,NA
"90839-107",50185,"F","chinook","Snake_R_sp","0.62457374","Mid.Up_Columbia_R_sp","0.37362626","Dworshak","0.997868"
"90839-108",50186,"F","chinook","Snake_R_sp","0.92399845","Mid.Up_Columbia_R_sp","0.07330155",NA,NA
"90839-110",50188,"F","chinook","Mid.Up_Columbia_R_sp","0.8539","Snake_R_sp","0.1461","Eastbank_sp","0.555330"
"90839-112",50190,"M","chinook","Mid.Up_Columbia_R_sp","0.51029916","Snake_R_sp","0.48560084","Dworshak","0.995359"
"90839-113",50191,"F","chinook","Snake_R_sp","0.85601439","Mid.Up_Columbia_R_sp","0.14388561",NA,NA
"90839-114",50192,"M","chinook","Up_Columbia_R_su.fa","0.9316643","Snake_R_fa","0.0089357",NA,NA
"90839-115",50193,"F","chinook","Snake_R_sp","0.95260473","Mid.Up_Columbia_R_sp","0.04729527","Rapid_River","0.997043"
"90839-118",50197,"M","chinook","Mid.Up_Columbia_R_sp","0.64758152","Snake_R_sp","0.35161848","Carson","0.995179"
"90839-119",50198,"F","chinook","Snake_R_sp","0.9923","Mid.Up_Columbia_R_sp","0.0077","Rapid_River","0.997251"
"90839-121",50200,"F","chinook","Mid.Up_Columbia_R_sp","0.70427136","Snake_R_sp","0.29412864","Clearwater","0.999317"
"90839-122",50201,"M","chinook","Snake_R_sp","0.6382446","Mid.Up_Columbia_R_sp","0.3613554","Carson","0.994848"
"90839-123",50202,"F","chinook","Mid.Up_Columbia_R_sp","0.61831764","Snake_R_sp","0.19408236","Little_White_Salmon_sp","0.996655"
"90839-124",50203,"F","chinook","Snake_R_sp","0.65114388","Mid.Up_Columbia_R_sp","0.34815612","Winthrop","0.998206"
"90839-125",50204,"F","chinook","Snake_R_sp","0.58054194","Mid.Up_Columbia_R_sp","0.41935806","Leavenworth","0.977210"
"90839-126",50205,"F","chinook","Mid.Up_Columbia_R_sp","0.9395","Snake_R_sp","0.0605","Little_White_Salmon_sp","0.997771"
"90839-127",50206,"F","chinook","Snake_R_sp","1","Deschutes_R_fa","0","Rapid_River","0.999300"
"90839-128",50207,"M","chinook","Snake_R_sp","0.86032128","Mid.Up_Columbia_R_sp","0.13807872","Lookingglass","0.999591"
"90839-129",50208,"M","chinook","Snake_R_sp","0.98100189","Mid.Up_Columbia_R_sp","0.01889811","McCall","0.981792"
"90839-130",50209,"F","chinook","Snake_R_sp","0.93068184","Mid.Up_Columbia_R_sp","0.06811816","Dworshak","0.997516"
"90839-132",50211,"M","chinook","Snake_R_sp","0.95201904","Mid.Up_Columbia_R_sp","0.04758096","Dworshak","0.994422"
"90839-134",50213,"F","chinook","Mid.Up_Columbia_R_sp","0.8804","Snake_R_sp","0.1196","Leavenworth","0.998114"
"90839-135",50214,"M","chinook","Mid.Up_Columbia_R_sp","0.9876","Snake_R_sp","0.0124","Winthrop","0.996574"
"90839-136",50215,"F","chinook","Snake_R_sp","1","Deschutes_R_fa","0","Rapid_River","0.996592"
"90839-137",50216,"F","chinook","Snake_R_sp","0.558","Mid.Up_Columbia_R_sp","0.442","Clearwater","0.998274"
"90839-139",50218,"F","chinook","Snake_R_sp","1","Deschutes_R_fa","0","Rapid_River","0.995665"
"90839-140",50219,"F","chinook","Snake_R_sp","0.6765","Mid.Up_Columbia_R_sp","0.3235",NA,NA
"90839-141",50220,"M","chinook","Snake_R_sp","0.57042412","Mid.Up_Columbia_R_sp","0.42577588",NA,NA
"90839-143",50222,"F","chinook","Snake_R_sp","0.9987","Mid.Up_Columbia_R_sp","0.0013","Rapid_River","0.997967"
"90839-144",50223,"F","chinook","Mid.Up_Columbia_R_sp","0.926","Snake_R_sp","0.074","Little_White_Salmon_sp","0.992795"
"90839-145",50224,"F","chinook","Snake_R_sp","0.9871","Mid.Up_Columbia_R_sp","0.0129","Rapid_River","0.990928"
"90839-148",50227,"F","chinook","Snake_R_sp","1","Deschutes_R_fa","0","Rapid_River","0.975425"
"90839-149",50228,"M","chinook","Mid.Up_Columbia_R_sp","0.9998","Deschutes_R_fa","0","Parkdale","0.999088"
"90839-151",50230,"M","chinook","Snake_R_sp","0.5911","Mid.Up_Columbia_R_sp","0.4089","McCall","0.990441"
"90839-155",50235,"M","chinook","Mid.Up_Columbia_R_sp","0.91880811","Snake_R_sp","0.08109189","Carson","0.991314"
"90839-156",50236,"F","chinook","Snake_R_sp","0.9914","Mid.Up_Columbia_R_sp","0.0086","Rapid_River","0.994208"
"90839-157",50237,"F","chinook","Up_Columbia_R_su.fa","0.8492","Snake_R_fa","0.1508","Entiat","0.555083"
"90839-158",50238,"F","chinook","Mid.Up_Columbia_R_sp","0.95872842","Snake_R_sp","0.04057158",NA,NA
"90839-159",50239,"F","chinook","Mid.Up_Columbia_R_sp","0.98680131","Snake_R_sp","0.01309869","Carson","0.986332"
"90839-169",50251,"F","chinook","Mid.Up_Columbia_R_sp","0.94621072","Snake_R_sp","0.05358928","Clearwater","0.998943"
"90839-172",50254,"M","chinook","Mid.Up_Columbia_R_sp","0.8876","Snake_R_sp","0.1124",NA,NA
"90839-174",50256,"F","chinook","Snake_R_sp","0.9461","Mid.Up_Columbia_R_sp","0.0539","Lookingglass","0.998960"
"90839-175",50257,"M","chinook","Snake_R_sp","0.834746","Mid.Up_Columbia_R_sp","0.163754","Dworshak","0.999280"
"90839-176",50258,"M","chinook","Snake_R_sp","0.9997","Mid.Up_Columbia_R_sp","0.0003",NA,NA
"90839-177",50259,"F","chinook","Mid.Up_Columbia_R_sp","0.9914","Snake_R_sp","0.0086","Parkdale","0.998465"
"90839-178",50260,"F","chinook","Snake_R_sp","1","Deschutes_R_fa","0","Rapid_River","0.995261"
"90839-179",50261,"M","chinook","Snake_R_sp","0.9986","Mid.Up_Columbia_R_sp","0.0014","Rapid_River","0.997033"
"90839-180",50262,"F","chinook","Mid.Up_Columbia_R_sp","0.9748","Snake_R_sp","0.0252","Carson","0.986499"
"90839-181",50263,"F","chinook","Mid.Up_Columbia_R_sp","0.9668","Snake_R_sp","0.0332","Carson","0.999497"
"90839-183",50265,"F","chinook","Snake_R_sp","0.8715","Mid.Up_Columbia_R_sp","0.1285","Dworshak","0.998400"
"90839-184",50266,"F","chinook","Mid.Up_Columbia_R_sp","0.7696","Snake_R_sp","0.2304","Dworshak","0.996466"
"90839-185",50267,"F","chinook","Mid.Up_Columbia_R_sp","0.82311768","Snake_R_sp","0.17678232","Leavenworth","0.993939"
"90839-187",50269,"M","chinook","Mid.Up_Columbia_R_sp","0.98042208","Snake_R_sp","0.01837792","Chief_Joseph_sp","0.994322"
"90839-189",50271,"M","chinook","Mid.Up_Columbia_R_sp","0.81378756","Snake_R_sp","0.12581244","Little_White_Salmon_sp","0.979013"
"90839-190",50272,"M","chinook","Snake_R_sp","0.9999","Mid.Up_Columbia_R_sp","0.0001","Rapid_River","0.996761"
"90839-191",50273,"F","chinook","Snake_R_sp","0.964","Mid.Up_Columbia_R_sp","0.036","Clearwater","0.998328"
"90839-192",50274,"M","chinook","Mid.Up_Columbia_R_sp","0.6133","Snake_R_sp","0.3867","Little_White_Salmon_sp","0.993488"
"90839-193",50275,"M","chinook","Mid.Up_Columbia_R_sp","0.79388874","Snake_R_sp","0.20421126","Little_White_Salmon_sp","0.943545"
"90839-195",50277,"F","chinook","Snake_R_sp","0.9563","Mid.Up_Columbia_R_sp","0.0437","McCall","0.888727"
"90839-196",50278,"M","chinook","Snake_R_sp","0.99140693","Mid.Up_Columbia_R_sp","0.00769307","Lookingglass","0.996905"
"90839-197",50279,"M","chinook","Snake_R_sp","0.87055164","Mid.Up_Columbia_R_sp","0.12904836","McCall","0.998475"
"90839-198",50285,"M","chinook","Snake_R_sp","0.5296","Mid.Up_Columbia_R_sp","0.4704","Lookingglass","0.999136"
"90839-200",50286,"F","chinook","W_Cascade_sp","0.72145008","W_Cascade_fa","0.18534992",NA,NA
"90839-201",50288,"F","chinook","Spring_Cr_Group_tule","0.99010098","W_Cascade_fa","0.00009902","Bonneville","0.991467"
"90839-202",50289,"M","chinook","Snake_R_sp","0.60647868","Mid.Up_Columbia_R_sp","0.39332132",NA,NA
"90839-203",50290,"M","chinook","Mid.Up_Columbia_R_sp","0.5823","Snake_R_sp","0.4177","Little_White_Salmon_sp","0.980175"
"90839-204",50291,"M","chinook","Snake_R_sp","0.9991","Mid.Up_Columbia_R_sp","0.0009","McCall","0.997812"
"90839-207",50294,"F","chinook","Mid.Up_Columbia_R_sp","0.565134","Snake_R_sp","0.417366","McCall","0.999212"
"90839-209",50296,"M","chinook","Snake_R_sp","0.9999","Mid.Up_Columbia_R_sp","0.0001","Rapid_River","0.996416"
"90839-210",50297,"F","chinook","Mid.Up_Columbia_R_sp","0.98783717","Snake_R_sp","0.00626283","Carson","0.997800"
"90839-214",50301,"M","chinook","Mid.Up_Columbia_R_sp","0.9533093","Snake_R_sp","0.0464907","Carson","0.998333"
"90839-215",50302,"M","chinook","Mid.Up_Columbia_R_sp","0.89753376","Snake_R_sp","0.09126624","Carson","0.998336"
"90839-217",50304,"M","chinook","Mid.Up_Columbia_R_sp","0.91762463","Snake_R_sp","0.08207537","Clearwater","0.978075"
"90839-218",50305,"F","chinook","Up_Columbia_R_su.fa","0.978","Snake_R_fa","0.022","Chief_Joseph_su/fa","0.994328"
"90839-219",50306,"F","chinook","Willamette_R","0.9998","Deschutes_R_fa","0","Minto","0.998296"
"90839-220",50307,"M","chinook","Up_Columbia_R_su.fa","0.99950004","Snake_R_fa","0.00039996","Wells","0.867663"
"90839-221",50308,"M","chinook","Snake_R_sp","0.99290138","Mid.Up_Columbia_R_sp","0.00019862",NA,NA
"90839-222",50309,"M","chinook","Mid.Up_Columbia_R_sp","0.9969003","Snake_R_sp","0.0029997","Little_White_Salmon_sp","0.998667"
"90839-223",50310,"F","chinook","Mid.Up_Columbia_R_sp","0.9811","Snake_R_sp","0.0189","Little_White_Salmon_sp","0.986506"
"90839-224",50311,"M","chinook","Mid.Up_Columbia_R_sp","0.97465928","Snake_R_sp","0.02274072","Dworshak","0.997753"
"90839-225",50312,"F","chinook","Mid.Up_Columbia_R_sp","0.83703256","Snake_R_sp","0.16276744",NA,NA
"90839-226",50313,"F","chinook","Mid.Up_Columbia_R_sp","0.994","Deschutes_R_fa","0","Klickitat","0.993259"
"90839-227",50314,"F","chinook","Mid.Up_Columbia_R_sp","0.9971","Snake_R_sp","0.0029","Carson","0.997560"
"90839-228",50315,"F","chinook","Willamette_R","0.9998","Deschutes_R_fa","0","Minto","0.996076"
"90839-230",50317,"M","chinook","Snake_R_sp","1","Deschutes_R_fa","0","Rapid_River","0.999189"
"90839-231",50318,"M","chinook","Snake_R_sp","0.61543845","Mid.Up_Columbia_R_sp","0.38446155","Rapid_River","0.996051"
"90839-233",50320,"M","chinook","Mid.Up_Columbia_R_sp","1","Deschutes_R_fa","0","Round_Butte","0.999767"
"90839-234",50321,"M","chinook","Snake_R_sp","0.98070382","Mid.Up_Columbia_R_sp","0.01909618","Pahsimeroi","0.977495"
"90839-236",50323,"M","chinook","Willamette_R","0.9843","Deschutes_R_fa","0",NA,NA
"90839-238",50325,"F","chinook","Up_Columbia_R_su.fa","0.99740165","Snake_R_fa","0.00109835","Wells","0.984403"
"90839-239",50326,"F","chinook","Willamette_R","0.9999","W_Cascade_sp","0.0001",NA,NA
"90839-240",50327,"F","chinook","Snake_R_sp","0.9268","Deschutes_R_fa","0","Rapid_River","0.995954"
"90839-241",50328,"M","chinook","Mid.Up_Columbia_R_sp","0.89065728","Snake_R_sp","0.10694272","Pahsimeroi","0.963926"
"90839-242",50329,"F","chinook","Willamette_R","1","Deschutes_R_fa","0",NA,NA
"90839-243",50330,"M","chinook","Snake_R_sp","0.99920007","Mid.Up_Columbia_R_sp","0.00069993","Rapid_River","0.998730"
"90839-244",50331,"M","chinook","Up_Columbia_R_su.fa","0.9998","Snake_R_fa","0.0002",NA,NA
"90839-245",50332,"M","chinook","Mid.Up_Columbia_R_sp","0.99930012","Snake_R_sp","0.00039988",NA,NA
"90839-246",50333,"M","chinook","Snake_R_sp","0.7827235","Mid.Up_Columbia_R_sp","0.2143765","Clearwater","0.994434"
"90839-247",50334,"F","chinook","Mid.Up_Columbia_R_sp","0.9794","Snake_R_sp","0.0206","Little_White_Salmon_sp","0.995543"
"90839-248",50335,"F","chinook","Mid.Up_Columbia_R_sp","0.99080595","Snake_R_sp","0.00849405",NA,NA
"90839-252",50364,"M","chinook","Mid.Up_Columbia_R_sp","0.8231","Snake_R_sp","0.1769","McCall","0.998064"
"90839-253",50365,"M","chinook","Willamette_R","1","Deschutes_R_fa","0",NA,NA
"90839-255",50367,"F","chinook","Up_Columbia_R_su.fa","0.9667099","Snake_R_fa","0.0329901","Eastbank_sp","0.986998"
"90839-257",50369,"M","chinook","Willamette_R","0.9998","Deschutes_R_fa","0",NA,NA
"90839-258",50370,"M","chinook","W_Cascade_sp","0.8438944","Willamette_R","0.1409632",NA,NA
"90839-260",50372,"F","chinook","Up_Columbia_R_su.fa","0.98045115","Snake_R_fa","0.01644885","Lyons_Ferry_fa","0.991133"
"90839-262",50374,"M","chinook","Willamette_R","1","Deschutes_R_fa","0",NA,NA
"90839-264",50376,"M","chinook","Mid.Up_Columbia_R_sp","0.9876","Snake_R_sp","0.0124","Little_White_Salmon_sp","0.992309"
"90839-265",50377,"M","chinook","Willamette_R","1","Deschutes_R_fa","0",NA,NA
"90839-266",50378,"M","chinook","Up_Columbia_R_su.fa","0.9909","Snake_R_fa","0.0091","Eastbank_sp","0.849196"
"90839-267",50379,"F","chinook","Snake_R_sp","0.99970002","Mid.Up_Columbia_R_sp","0.00019998","Rapid_River","0.997257"
"90839-268",50380,"F","chinook","W_Cascade_sp","0.6264","W_Cascade_fa","0.242556",NA,NA
"90839-269",50403,"M","chinook","Spring_Cr_Group_tule","1","Deschutes_R_fa","0","Spring_Creek","0.995065"
"90839-270",50412,"M","chinook","Spring_Cr_Group_tule","0.9997","Deschutes_R_fa","0","Spring_Creek","0.994456"
"90839-271",50420,"M","chinook","Spring_Cr_Group_tule","0.9997","Deschutes_R_fa","0","Bonneville","0.993382"
"90839-272",50423,"F","chinook","Willamette_R","0.9983007","W_Cascade_sp","0.00089937",NA,NA
"90839-273",50425,"F","chinook","Spring_Cr_Group_tule","0.9996","Deschutes_R_fa","0",NA,NA
"90839-274",50426,"M","chinook","Spring_Cr_Group_tule","1","Deschutes_R_fa","0","Spring_Creek","0.503480"
"90839-275",50432,"F","chinook","Mid.Up_Columbia_R_sp","0.99140249","Snake_R_sp","0.00829751","Dworshak","0.999399"
"90839-276",50433,"F","chinook","Willamette_R","0.9999","Deschutes_R_fa","0",NA,NA
"90839-278",50435,"F","chinook","Willamette_R","0.9844","Deschutes_R_fa","0",NA,NA
"90839-280",50437,"F","chinook","Willamette_R","0.87821217","W_Cascade_sp","0.12168783",NA,NA
"90839-281",50438,"F","chinook","Mid.Up_Columbia_R_sp","0.89872104","Snake_R_sp","0.09247896","Nez_Perce_Tribal_sp","0.997255"
"90839-282",50439,"F","chinook","Willamette_R","1","Deschutes_R_fa","0","S_Santiam","0.923761"
"90839-283",50440,"F","chinook","Up_Columbia_R_su.fa","1","Deschutes_R_fa","0","Eastbank_sp","0.997086"
"90839-284",50441,"M","chinook","Snake_R_fa","0.96339484","Up_Columbia_R_su.fa","0.01091776","Wells","0.997421"
"90839-285",50442,"M","chinook","Willamette_R","1","Deschutes_R_fa","0",NA,NA
"90839-286",50443,"M","chinook","Mid.Up_Columbia_R_sp","0.9093","Snake_R_sp","0.0907","Carson","0.999512"
"90839-287",50444,"F","chinook","Willamette_R","0.9997","Deschutes_R_fa","0","Minto","0.975714"
"90839-288",50445,"M","chinook","Willamette_R","1","Deschutes_R_fa","0","S_Santiam","0.941675"
"90839-289",50446,"F","chinook","Mid.Up_Columbia_R_sp","0.52144352","Snake_R_sp","0.47825648","Little_White_Salmon_sp","0.999186"
"90839-290",50447,"M","chinook","Willamette_R","1","Deschutes_R_fa","0",NA,NA
"90839-291",50448,"F","chinook","Willamette_R","1","Deschutes_R_fa","0",NA,NA
"90839-292",50449,"F","chinook","Willamette_R","0.9066","Deschutes_R_fa","0",NA,NA
"90839-293",50450,"F","chinook","Up_Columbia_R_su.fa","0.99880036","Snake_R_fa","0.00059964","Eastbank_sp","0.999631"
"90839-294",50451,"M","chinook","Willamette_R","1","Deschutes_R_fa","0","S_Santiam","0.973068"
"90839-295",50452,"F","chinook","Willamette_R","1","Deschutes_R_fa","0",NA,NA
"90839-296",50453,"F","chinook","Willamette_R","0.9999","Deschutes_R_fa","0",NA,NA
"90839-298",50455,"M","chinook","Up_Columbia_R_su.fa","0.9999","Snake_R_fa","0.0001","Lyons_Ferry_fa","0.976715"
"90839-299",50456,"M","chinook","Willamette_R","1","Deschutes_R_fa","0",NA,NA
"90839-300",50457,"F","chinook","Willamette_R","0.828","W_Cascade_sp","0.1707",NA,NA
"90839-301",50458,"M","chinook","Mid.Up_Columbia_R_sp","0.98000199","Snake_R_sp","0.01989801","Round_Butte","0.994310"
"90839-302",50459,"F","chinook","Willamette_R","1","Deschutes_R_fa","0",NA,NA
"90839-304",50461,"M","chinook","Willamette_R","0.55224477","W_Cascade_sp","0.44685531","Kalama_Falls_sp","0.995754"
"90839-305",50462,"M","chinook","Up_Columbia_R_su.fa","0.799717","Snake_R_fa","0.1551875","Little_White_Salmon_fa","0.769993"
"90839-306",50475,"M","chinook","Spring_Cr_Group_tule","1","Deschutes_R_fa","0","Spring_Creek","0.995841"
"90839-307",50477,"M","chinook","W_Cascade_fa","0.78935715","Spring_Cr_Group_tule","0.1125198",NA,NA
"90839-308",50478,"M","chinook","Spring_Cr_Group_tule","1","Deschutes_R_fa","0","Bonneville","0.987681"
"90839-310",50480,"F","chinook","Spring_Cr_Group_tule","0.9995","W_Cascade_fa","0.0005",NA,NA
"90839-311",50481,"M","chinook","W_Cascade_sp","0.99820017","W_Cascade_fa","0.00009983",NA,NA
"90839-312",50482,"M","chinook","Spring_Cr_Group_tule","1","Deschutes_R_fa","0","Bonneville","0.793413"
"90839-313",50483,"M","chinook","Snake_R_fa","0.83273342","Up_Columbia_R_su.fa","0.16706658",NA,NA
"90839-314",50484,"F","chinook","Mid.Up_Columbia_R_sp","0.56357448","Snake_R_sp","0.43602552",NA,NA
"90839-315",50485,"M","chinook","Willamette_R","0.9628","W_Cascade_sp","0.0372",NA,NA
"90839-316",50486,"M","chinook","Mid.Up_Columbia_R_sp","0.66733134","Snake_R_sp","0.33136866",NA,NA
"90839-317",50487,"M","chinook","Willamette_R","0.9993","Deschutes_R_fa","0",NA,NA
"90839-318",50488,"F","chinook","Willamette_R","0.9996","W_Cascade_sp","0.0004",NA,NA
"90839-320",50490,"M","chinook","Mid.Up_Columbia_R_sp","0.65840472","Snake_R_sp","0.34099528","Little_White_Salmon_sp","0.992077"
"90839-321",50491,"F","chinook","Willamette_R","1","Deschutes_R_fa","0","McKenzie","0.943901"
"90839-322",50492,"M","chinook","Willamette_R","0.9951","W_Cascade_sp","0.0049",NA,NA
"90839-324",50494,"M","chinook","Willamette_R","1","Deschutes_R_fa","0","McKenzie","0.992466"
"90839-325",50495,"M","chinook","Willamette_R","1","Deschutes_R_fa","0",NA,NA
"90839-326",50496,"F","chinook","Mid.Up_Columbia_R_sp","0.9154","Snake_R_sp","0.0846",NA,NA
"90839-327",50497,"F","chinook","Mid.Up_Columbia_R_sp","0.9786","Deschutes_R_fa","0","Klickitat","0.999466"
"90839-328",50498,"F","chinook","Willamette_R","0.9908","Deschutes_R_fa","0",NA,NA
"90839-329",50499,"M","chinook","Willamette_R","1","Deschutes_R_fa","0",NA,NA
"90839-330",50500,"M","chinook","Mid.Up_Columbia_R_sp","0.78866333","Snake_R_sp","0.21103667","Carson","0.999029"
"90839-331",50501,"M","chinook","Willamette_R","1","Deschutes_R_fa","0",NA,NA
"90839-332",50502,"M","chinook","W_Cascade_sp","0.90710928","Willamette_R","0.09279072","Kalama_Falls_sp","0.995595"
"90839-333",50503,"M","chinook","W_Cascade_fa","0.94282833","W_Cascade_sp","0.05267253",NA,NA
"90839-334",50510,"F","chinook","Mid.Up_Columbia_R_sp","0.54434556","Snake_R_sp","0.45555444","Clearwater","0.999862"
"90839-336",50512,"M","chinook","Snake_R_sp","0.95782905","Mid.Up_Columbia_R_sp","0.04147095","Rapid_River","0.877496"
"90839-337",50513,"F","chinook","Mid.Up_Columbia_R_sp","0.99790068","Snake_R_sp","0.00169932","Little_White_Salmon_sp","0.993727"
"90839-338",50514,"M","chinook","Mid.Up_Columbia_R_sp","0.9785","Snake_R_sp","0.0215","Parkdale","0.994177"
"90839-340",50516,"F","chinook","Snake_R_sp","0.9999","Mid.Up_Columbia_R_sp","0.0001","Rapid_River","0.995696"
"90839-344",50520,"M","chinook","Willamette_R","1","Deschutes_R_fa","0","Minto","0.578566"
"90839-345",50521,"M","chinook","Willamette_R","0.9585","W_Cascade_sp","0.0415",NA,NA
"90839-347",50523,"M","chinook","Up_Columbia_R_su.fa","0.99770112","Snake_R_fa","0.00159888","Eastbank_sp","0.999269"
"90839-349",50529,"F","chinook","Spring_Cr_Group_tule","1","Deschutes_R_fa","0","Spring_Creek","0.979916"
"90839-350",50530,"M","chinook","Willamette_R","0.75502561","W_Cascade_sp","0.18887439","Kalama_Falls_sp","0.999375"
"90839-351",50531,"M","chinook","Willamette_R","0.9989","Deschutes_R_fa","0","Minto","0.972318"
"90839-353",50533,"F","chinook","Willamette_R","1","Deschutes_R_fa","0",NA,NA
"90839-354",50534,"F","chinook","Willamette_R","1","Deschutes_R_fa","0","Minto","0.944008"
"90839-355",50535,"F","chinook","Willamette_R","1","Deschutes_R_fa","0","Minto","0.998174"
"90839-356",50536,"F","chinook","W_Cascade_sp","0.97550486","W_Cascade_fa","0.00009757","Cowlitz","0.994118"
"90839-357",50537,"M","chinook","Willamette_R","1","Deschutes_R_fa","0",NA,NA
"90839-358",50538,"M","chinook","Willamette_R","1","Deschutes_R_fa","0","McKenzie","0.987074"
"90839-360",50540,"F","chinook","Willamette_R","0.9998","Deschutes_R_fa","0",NA,NA
"90839-361",50541,"M","chinook","Willamette_R","0.99120172","W_Cascade_sp","0.00019828","McKenzie","0.998857"
"90839-362",50542,"F","chinook","Willamette_R","0.9994","Deschutes_R_fa","0",NA,NA
"90839-363",50543,"M","chinook","Willamette_R","1","Deschutes_R_fa","0","Minto","0.975836"
"90839-364",50544,"M","chinook","W_Cascade_sp","0.62842925","W_Cascade_fa","0.01407075",NA,NA
"90839-365",50545,"M","chinook","W_Cascade_sp","0.9969","Deschutes_R_fa","0",NA,NA
"90839-366",50546,"F","chinook","W_Cascade_sp","0.8971092","W_Cascade_fa","0.0076908","Kalama_Falls_sp","0.992663"
"90839-367",50547,"M","chinook","W_Cascade_sp","0.99051444","W_Cascade_fa","0.00758556","Cowlitz","0.998668"
"90839-368",50548,"M","chinook","Willamette_R","1","Deschutes_R_fa","0","S_Santiam","0.995236"
"90839-370",50550,"F","chinook","Spring_Cr_Group_tule","0.9981006","W_Cascade_fa","0.0014994","Spring_Creek","0.988632"
"90839-371",50551,"M","chinook","Spring_Cr_Group_tule","1","Deschutes_R_fa","0","Spring_Creek","0.988695"
"90839-372",50552,"M","chinook","Spring_Cr_Group_tule","0.9996","Deschutes_R_fa","0","Bonneville","0.969485"
"90839-373",50563,"F","chinook","Willamette_R","0.98650896","W_Cascade_sp","0.00069104",NA,NA
"90839-374",50564,"F","chinook","Willamette_R","0.9999","Deschutes_R_fa","0","Minto","0.991328"
"90839-375",50565,"M","chinook","Willamette_R","0.99320627","W_Cascade_sp","0.0009943",NA,NA
"90839-376",50566,"M","chinook","Willamette_R","0.9999","Deschutes_R_fa","0",NA,NA
"90839-377",50567,"F","chinook","Willamette_R","0.99800075","W_Cascade_sp","0.00049925",NA,NA
"90839-378",50568,"F","chinook","Up_Columbia_R_su.fa","0.8955","Snake_R_fa","0.1045","Little_White_Salmon_fa","0.989109"
"90839-379",50569,"M","chinook","W_Cascade_fa","0.87643416","W_Cascade_sp","0.10216584",NA,NA
"90839-380",50570,"F","chinook","Willamette_R","0.9999","Deschutes_R_fa","0",NA,NA
"90839-381",50571,"M","chinook","Willamette_R","1","Deschutes_R_fa","0",NA,NA
"90839-382",50572,"F","chinook","Willamette_R","0.9994","W_Cascade_sp","0.0006",NA,NA
"90839-383",50573,"F","chinook","W_Cascade_sp","0.99141408","W_Cascade_fa","0.00638592","Cowlitz","0.957810"
"90839-384",50578,"M","chinook","Spring_Cr_Group_tule","0.99960004","W_Cascade_fa","0.00019996","Bonneville","0.805468"
"90839-385",50579,"M","chinook","Snake_R_sp","0.66905064","Mid.Up_Columbia_R_sp","0.28974936","Clearwater","0.586771"
"90839-386",50580,"F","chinook","Mid.Up_Columbia_R_sp","0.9162","Snake_R_sp","0.0838","Little_White_Salmon_sp","0.993607"
"90839-387",50581,"M","chinook","Snake_R_fa","0.9854","Up_Columbia_R_su.fa","0.0146","Lyons_Ferry_fa","0.977726"
"90839-388",50582,"F","chinook","Snake_R_sp","0.72763395","Mid.Up_Columbia_R_sp","0.25366605","Clearwater","0.979540"
"90839-389",50583,"F","chinook","Mid.Up_Columbia_R_sp","0.76666952","Snake_R_sp","0.18773048","Carson","0.997600"
"90839-390",50584,"F","chinook","Snake_R_sp","0.95394093","Mid.Up_Columbia_R_sp","0.02415907","Clearwater","0.988437"
"90839-391",50585,"M","chinook","Up_Columbia_R_su.fa","0.99750126","Snake_R_fa","0.00069874","Eastbank_sp","0.996991"
"90839-392",50586,"F","chinook","Snake_R_sp","0.98544753","Mid.Up_Columbia_R_sp","0.00965247","Pahsimeroi","0.999499"
"90839-393",50587,"F","chinook","Mid.Up_Columbia_R_sp","0.86056182","Snake_R_sp","0.13753818","Little_White_Salmon_sp","0.997511"
"90839-394",50588,"M","chinook","Mid.Up_Columbia_R_sp","0.5438912","Snake_R_sp","0.4559088","Clearwater","0.982282"
"90839-399",50595,"F","chinook","Snake_R_sp","0.9969003","Mid.Up_Columbia_R_sp","0.0029997","Rapid_River","0.998118"
"90839-401",50597,"F","chinook","Mid.Up_Columbia_R_sp","0.9741","Snake_R_sp","0.0259","SF_Walla_Walla","0.997209"
"90839-403",50599,"M","chinook","Willamette_R","0.9973","Deschutes_R_fa","0","Minto","0.997742"
"90839-405",50601,"M","chinook","W_Cascade_sp","0.94308258","W_Cascade_fa","0.00321742",NA,NA
"90839-408",50609,"F","chinook","Snake_R_sp","0.68064576","Mid.Up_Columbia_R_sp","0.31795424","Dworshak","0.999233"
"90839-409",50610,"F","chinook","Snake_R_sp","0.98811378","Mid.Up_Columbia_R_sp","0.01058622","Lookingglass","0.975556"
"90839-410",50611,"M","chinook","Snake_R_sp","0.84702184","Mid.Up_Columbia_R_sp","0.15217816",NA,NA
"90839-411",50612,"F","chinook","Mid.Up_Columbia_R_sp","0.8378424","Snake_R_sp","0.0153576",NA,NA
"90839-413",50614,"F","chinook","Mid.Up_Columbia_R_sp","1","Deschutes_R_fa","0","Klickitat","0.999677"
"90839-414",50615,"M","chinook","Snake_R_sp","0.98820117","Mid.Up_Columbia_R_sp","0.00009883","Rapid_River","0.998386"
"90839-415",50616,"F","chinook","Mid.Up_Columbia_R_sp","0.94873042","Snake_R_sp","0.05066958","SF_Walla_Walla","0.998115"
"90839-416",50617,"M","chinook","Willamette_R","1","Deschutes_R_fa","0",NA,NA
"90839-417",50618,"F","chinook","Willamette_R","1","Deschutes_R_fa","0","Minto","0.863027"
"90839-418",50619,"F","chinook","Mid.Up_Columbia_R_sp","0.9999","Deschutes_R_fa","0","Klickitat","0.999770"
"90839-419",50620,"F","chinook","Willamette_R","1","Deschutes_R_fa","0","McKenzie","0.998626"
"90839-421",50622,"M","chinook","Willamette_R","1","Deschutes_R_fa","0",NA,NA
"90839-422",50628,"F","chinook","Mid.Up_Columbia_R_sp","0.9997","Snake_R_sp","0.0003","Parkdale","0.998991"
"90839-424",50630,"F","chinook","Mid.Up_Columbia_R_sp","0.9786084","Snake_R_sp","0.0209916","Little_White_Salmon_sp","0.999100"
"90839-426",50632,"M","chinook","Snake_R_sp","0.9047474","Mid.Up_Columbia_R_sp","0.0947526",NA,NA
"90839-427",50633,"M","chinook","Mid.Up_Columbia_R_sp","0.99850056","Snake_R_sp","0.00079944","Carson","0.996458"
"90839-428",50634,"F","chinook","Mid.Up_Columbia_R_sp","0.95550886","Snake_R_sp","0.04429114","Round_Butte","0.998201"
"90839-429",50635,"F","chinook","Snake_R_sp","0.5976","Mid.Up_Columbia_R_sp","0.4024","Round_Butte","0.988253"
"90839-430",50636,"F","chinook","Up_Columbia_R_su.fa","0.99640068","Snake_R_fa","0.00339932","Priest_Rapids","0.991647"
"90839-431",50637,"M","chinook","Snake_R_sp","0.9909","Mid.Up_Columbia_R_sp","0.0091","Rapid_River","0.999468"
"90839-432",50638,"F","chinook","Mid.Up_Columbia_R_sp","0.9866","Deschutes_R_fa","0","Klickitat","0.998997"
"90839-433",50639,"M","chinook","Willamette_R","0.9999","W_Cascade_sp","0.0001",NA,NA
"90839-434",50640,"M","chinook","Willamette_R","0.75444658","W_Cascade_fa","0.12990153",NA,NA
"90839-435",50641,"M","chinook","Up_Columbia_R_su.fa","0.96183357","Snake_R_fa","0.00086643","Priest_Rapids","0.993685"
"90839-436",50643,"F","chinook","Snake_R_sp","0.9974","Mid.Up_Columbia_R_sp","0.0026",NA,NA
"90839-437",50644,"M","chinook","Snake_R_sp","0.53168112","Mid.Up_Columbia_R_sp","0.46621888","Little_White_Salmon_sp","0.999423"
"90839-438",50645,"F","chinook","Snake_R_sp","0.96960303","Mid.Up_Columbia_R_sp","0.03029697","Parkdale","0.999828"
"90839-439",50646,"M","chinook","Mid.Up_Columbia_R_sp","0.82457004","Snake_R_sp","0.17502996","Carson","0.993628"
"90839-440",50647,"M","chinook","Mid.Up_Columbia_R_sp","0.98240175","Snake_R_sp","0.01749825","Little_White_Salmon_sp","0.998620"
"90839-441",50648,"M","chinook","Snake_R_sp","0.50304835","Mid.Up_Columbia_R_sp","0.49645165","Carson","0.997718"
"90839-442",50649,"M","chinook","Snake_R_sp","0.99640035","Mid.Up_Columbia_R_sp","0.00349965",NA,NA
"90839-443",50650,"M","chinook","Mid.Up_Columbia_R_sp","0.9423","Snake_R_sp","0.0577",NA,NA
"90839-444",50651,"M","chinook","Snake_R_sp","0.9765","Mid.Up_Columbia_R_sp","0.0235",NA,NA
"90839-445",50652,"M","chinook","Snake_R_sp","0.7009","Mid.Up_Columbia_R_sp","0.2991","Little_White_Salmon_sp","0.999208"
"90839-446",50653,"M","chinook","Mid.Up_Columbia_R_sp","0.5848","Snake_R_sp","0.4152","Little_White_Salmon_sp","0.997684"
"90839-448",50655,"M","chinook","Snake_R_sp","0.9999","Deschutes_R_fa","0","Pahsimeroi","0.999648"
"90839-449",50656,"M","chinook","Snake_R_sp","0.86264113","Mid.Up_Columbia_R_sp","0.13705887","Carson","0.999203"
"90839-450",50657,"F","chinook","Mid.Up_Columbia_R_sp","0.98951634","Snake_R_sp","0.00858366","Little_White_Salmon_sp","0.992385"
"90839-453",50660,"M","chinook","W_Cascade_sp","0.9926","Deschutes_R_fa","0",NA,NA
"90839-454",50661,"F","chinook","W_Cascade_sp","0.98460745","W_Cascade_fa","0.00029553",NA,NA
"90839-455",50662,"F","chinook","Spring_Cr_Group_tule","0.9999","Deschutes_R_fa","0",NA,NA
"90839-457",50666,"M","chinook","Mid.Up_Columbia_R_sp","0.9785","Snake_R_sp","0.0215","Little_White_Salmon_sp","0.999595"
"90839-458",50667,"M","chinook","Mid.Up_Columbia_R_sp","0.78324332","Snake_R_sp","0.21655668","Carson","0.998818"
"90839-459",50668,"F","chinook","Mid.Up_Columbia_R_sp","0.7926","Snake_R_sp","0.2074","Dworshak","0.989150"
"90839-460",50669,"F","chinook","Up_Columbia_R_su.fa","0.9974","Snake_R_fa","0.0026","Eastbank_sp","0.948022"
"90839-461",50670,"F","chinook","Mid.Up_Columbia_R_sp","0.92553964","Snake_R_sp","0.03576036","Little_White_Salmon_sp","0.998639"
"90839-462",50671,"M","chinook","Mid.Up_Columbia_R_sp","0.96982352","Snake_R_sp","0.02937648","Carson","0.999543"
"90839-463",50672,"M","chinook","Snake_R_sp","0.8746","Mid.Up_Columbia_R_sp","0.1254","SF_Walla_Walla","0.996804"
"90839-464",50673,"F","chinook","Mid.Up_Columbia_R_sp","0.66764763","Snake_R_sp","0.11625237","Little_White_Salmon_sp","0.999367"
"90839-468",50677,"M","chinook","Mid.Up_Columbia_R_sp","0.99920012","Snake_R_sp","0.00019988","Little_White_Salmon_sp","0.980563"
"90839-469",50678,"M","chinook","Snake_R_sp","0.98350486","Mid.Up_Columbia_R_sp","0.01619514",NA,NA
"90839-470",50679,"M","chinook","Mid.Up_Columbia_R_sp","0.96358848","Snake_R_sp","0.03021152","Little_White_Salmon_sp","0.999159"
"90839-471",50680,"M","chinook","Up_Columbia_R_su.fa","0.95580441","Snake_R_fa","0.04359564","Little_White_Salmon_fa","0.992181"
"90839-472",50681,"M","chinook","Willamette_R","1","Deschutes_R_fa","0","Minto","0.979610"
"90839-474",50683,"F","chinook","Snake_R_fa","0.95090562","Up_Columbia_R_su.fa","0.0323505",NA,NA
"90839-476",50685,"F","chinook","Spring_Cr_Group_tule","1","Deschutes_R_fa","0",NA,NA
"90839-478",50698,"F","chinook","Mid.Up_Columbia_R_sp","0.94870512","Snake_R_sp","0.05119488","Dworshak","0.998990"
"90839-479",50699,"M","chinook","Snake_R_sp","0.9997","Deschutes_R_fa","0","Rapid_River","0.995770"
"90839-480",50704,"F","chinook","Spring_Cr_Group_tule","0.8043","Deschutes_R_fa","0","Spring_Creek","0.990926"
"90839-481",50706,"F","chinook","Spring_Cr_Group_tule","1","Deschutes_R_fa","0",NA,NA
"90839-482",50709,"F","chinook","Spring_Cr_Group_tule","1","Deschutes_R_fa","0","Spring_Creek","0.904672"
"90839-483",50711,"F","chinook","Spring_Cr_Group_tule","1","Deschutes_R_fa","0",NA,NA
"90839-486",50714,"F","chinook","Willamette_R","0.9461","W_Cascade_sp","0.0529",NA,NA
"90839-487",50716,"F","chinook","Spring_Cr_Group_tule","1","Deschutes_R_fa","0","Spring_Creek","0.977848"
"90839-488",50724,"F","chinook","Spring_Cr_Group_tule","1","Deschutes_R_fa","0",NA,NA
"90839-490",50726,"M","chinook","W_Cascade_sp","0.9993","Deschutes_R_fa","0",NA,NA
"90839-492",50728,"M","chinook","Willamette_R","1","Deschutes_R_fa","0","S_Santiam","0.928471"
"90839-494",50730,"F","chinook","W_Cascade_sp","0.82805605","W_Cascade_fa","0.17044395","Cowlitz","0.979218"
"90839-496",50732,"F","chinook","Spring_Cr_Group_tule","0.9999","Deschutes_R_fa","0","Bonneville","0.943632"
"90839-497",50733,"F","chinook","W_Cascade_fa","0.99550504","W_Cascade_sp","0.00169592",NA,NA
"90839-498",50735,"F","chinook","Willamette_R","0.99950004","W_Cascade_sp","0.00009996","S_Santiam","0.989727"
"90839-499",50736,"F","chinook","Willamette_R","0.9867","Deschutes_R_fa","0",NA,NA
"90839-501",50738,"M","chinook","Snake_R_fa","0.7731","Up_Columbia_R_su.fa","0.2232","Three_Mile_Dam","0.956980"
"90839-505",50742,"F","chinook","Willamette_R","1","Deschutes_R_fa","0",NA,NA
"90839-506",50743,"F","chinook","Willamette_R","0.9996","Deschutes_R_fa","0",NA,NA
"90839-507",50744,"F","chinook","Snake_R_sp","0.99860013","Mid.Up_Columbia_R_sp","0.00129987",NA,NA
"90839-508",50745,"F","chinook","Willamette_R","0.994","W_Cascade_sp","0.006","S_Santiam","0.998506"
"90839-510",50747,"M","chinook","Willamette_R","1","Deschutes_R_fa","0",NA,NA
"90839-511",50748,"M","chinook","Willamette_R","1","Deschutes_R_fa","0","Minto","0.960871"
"90839-512",50749,"F","chinook","Willamette_R","1","Deschutes_R_fa","0",NA,NA
"90839-513",50750,"F","chinook","Willamette_R","1","Deschutes_R_fa","0","Minto","0.990583"
"90839-515",50752,"M","chinook","Willamette_R","1","Deschutes_R_fa","0",NA,NA
"90839-516",50753,"M","chinook","W_Cascade_sp","0.99470322","Willamette_R","0.00209853",NA,NA
"90839-517",50754,"M","chinook","Willamette_R","0.99760023","W_Cascade_sp","0.00009977",NA,NA
"90839-518",50755,"F","chinook","Willamette_R","1","Deschutes_R_fa","0",NA,NA
"90839-519",50756,"M","chinook","W_Cascade_sp","0.9967","Deschutes_R_fa","0",NA,NA
"90839-520",50757,"M","chinook","Willamette_R","1","Deschutes_R_fa","0",NA,NA
"90839-521",50758,"F","chinook","Up_Columbia_R_su.fa","1","Deschutes_R_fa","0","Little_White_Salmon_fa","0.997762"
"90839-522",50759,"F","chinook","Spring_Cr_Group_tule","1","Deschutes_R_fa","0",NA,NA
"90839-523",50760,"F","chinook","W_Cascade_fa","0.93183385","Up_Columbia_R_su.fa","0.0321839","Lyons_Ferry_fa","0.998135"
"90839-524",50761,"F","chinook","Up_Columbia_R_su.fa","0.9555435","Snake_R_fa","0.0433566","Little_White_Salmon_fa","0.998002"
"90839-527",50768,"M","chinook","Willamette_R","0.9986","Deschutes_R_fa","0",NA,NA
"90839-528",50769,"M","chinook","Willamette_R","1","Deschutes_R_fa","0",NA,NA
"90839-531",50772,"F","chinook","W_Cascade_sp","0.9999","Deschutes_R_fa","0","Speelyai","0.989155"
"90839-532",50773,"F","chinook","Willamette_R","0.8326","W_Cascade_sp","0.1674","Kalama_Falls_sp","0.998506"
"90839-533",50774,"M","chinook","Willamette_R","1","Deschutes_R_fa","0","Minto","0.986718"
"90839-535",50776,"F","chinook","Willamette_R","1","Deschutes_R_fa","0","Minto","0.997326"
"90839-536",50777,"M","chinook","Willamette_R","1","Deschutes_R_fa","0",NA,NA
"90839-540",50781,"F","chinook","W_Cascade_sp","0.9947","Deschutes_R_fa","0","Speelyai","0.994853"
"90839-541",50782,"F","chinook","Willamette_R","1","Deschutes_R_fa","0","Minto","0.991880"
"90839-542",50783,"F","chinook","W_Cascade_sp","0.98760123","Willamette_R","0.01189881","Kalama_Falls_sp","0.979950"
"90839-543",50784,"M","chinook","Willamette_R","0.9998","Deschutes_R_fa","0","S_Santiam","0.997028"
"90839-545",50786,"M","chinook","Willamette_R","1","Deschutes_R_fa","0",NA,NA
"90839-546",50787,"M","chinook","Willamette_R","0.9953","Deschutes_R_fa","0","S_Santiam","0.997875"
"90839-548",50789,"M","chinook","Willamette_R","0.9971","Deschutes_R_fa","0","S_Santiam","0.997359"
"90839-550",50791,"F","chinook","Willamette_R","0.9998","W_Cascade_sp","0.0002",NA,NA
"90839-551",50792,"M","chinook","Willamette_R","1","Deschutes_R_fa","0",NA,NA
"90839-552",50793,"F","chinook","Willamette_R","0.9999","W_Cascade_sp","0.0001",NA,NA
"90839-553",50794,"M","chinook","Willamette_R","0.99120087","W_Cascade_sp","0.00009913","Minto","0.987530"
"90839-554",50795,"F","chinook","Spring_Cr_Group_tule","1","Deschutes_R_fa","0","Spring_Creek","0.994210"
"90839-558",50798,"F","chinook","Spring_Cr_Group_tule","1","Deschutes_R_fa","0",NA,NA
"90839-559",50799,"M","chinook","Spring_Cr_Group_tule","1","Deschutes_R_fa","0","Bonneville","0.955764"
"90839-561",50808,"M","chinook","Willamette_R","1","Deschutes_R_fa","0",NA,NA
"90839-562",50809,"M","chinook","Willamette_R","0.9999","Deschutes_R_fa","0",NA,NA
"90839-563",50810,"M","chinook","Willamette_R","0.8653879","W_Cascade_sp","0.10631492",NA,NA
"90839-564",50811,"M","chinook","Willamette_R","0.90166447","W_Cascade_sp","0.03914144",NA,NA
"90839-568",50815,"M","chinook","Snake_R_fa","0.85635697","Up_Columbia_R_su.fa","0.14244314","Lyons_Ferry_fa","0.967871"
"90839-570",50817,"M","chinook","Spring_Cr_Group_tule","1","Deschutes_R_fa","0","Spring_Creek","0.929701"
"90839-572",50819,"F","chinook","Willamette_R","0.9948","W_Cascade_sp","0.0052",NA,NA
"90839-573",50820,"F","chinook","Snake_R_fa","0.9828","Up_Columbia_R_su.fa","0.0163","Lyons_Ferry_fa","0.993005"
"90839-574",50821,"F","chinook","Willamette_R","0.9985","W_Cascade_sp","0.0015",NA,NA
"90839-575",50822,"M","chinook","Willamette_R","0.9992","Deschutes_R_fa","0",NA,NA
"90839-576",50823,"M","chinook","Willamette_R","1","Deschutes_R_fa","0",NA,NA
"90839-577",50824,"M","chinook","Willamette_R","1","Deschutes_R_fa","0","McKenzie","0.991425"
"90839-578",50825,"F","chinook","Willamette_R","0.9995","Deschutes_R_fa","0","McKenzie","0.999354"
"90839-579",50826,"M","chinook","Willamette_R","1","Deschutes_R_fa","0","Minto","0.993612"
"90839-580",50827,"F","chinook","Willamette_R","0.9992","W_Cascade_sp","0.0008",NA,NA
"90839-582",50829,"M","chinook","Willamette_R","0.9993","Deschutes_R_fa","0","Minto","0.997106"
"90839-583",50830,"F","chinook","Willamette_R","1","Deschutes_R_fa","0",NA,NA
"90839-584",50831,"F","chinook","Willamette_R","1","Deschutes_R_fa","0","Minto","0.993294"
"90839-586",50833,"F","chinook","Willamette_R","0.66607217","W_Cascade_sp","0.3267299",NA,NA
"90839-587",50834,"M","chinook","Willamette_R","0.9758048","W_Cascade_sp","0.0239952",NA,NA
"90839-588",50835,"M","chinook","Willamette_R","1","Deschutes_R_fa","0","Minto","0.993422"
"90839-589",50836,"M","chinook","Willamette_R","1","Deschutes_R_fa","0",NA,NA
"90839-590",50837,"F","chinook","Willamette_R","0.9991","Deschutes_R_fa","0","S_Santiam","0.978219"
"90839-591",50838,"M","chinook","Willamette_R","1","Deschutes_R_fa","0",NA,NA
"90839-592",50839,"M","chinook","Willamette_R","1","Deschutes_R_fa","0",NA,NA
"90839-593",50842,"M","chinook","Mid.Up_Columbia_R_sp","0.9427","Snake_R_sp","0.0573","SF_Walla_Walla","0.999255"
"90839-594",50843,"M","chinook","Snake_R_sp","0.5552856","Mid.Up_Columbia_R_sp","0.4377144","Clearwater","0.991712"
"90839-595",50844,"M","chinook","Mid.Up_Columbia_R_sp","0.8652445","Snake_R_sp","0.1321555","Little_White_Salmon_sp","0.999187"
"90839-596",50845,"F","chinook","Mid.Up_Columbia_R_sp","0.66780408","Snake_R_sp","0.07859592","Little_White_Salmon_sp","0.995649"
"90839-597",50846,"M","chinook","Snake_R_sp","1","Deschutes_R_fa","0","Rapid_River","0.999890"
"90839-598",50847,"M","chinook","Mid.Up_Columbia_R_sp","0.98111098","Snake_R_sp","0.00058902","Carson","0.997876"
"90839-599",50848,"F","chinook","Mid.Up_Columbia_R_sp","0.99940005","Snake_R_sp","0.00049995","Little_White_Salmon_sp","0.999502"
"90839-600",50849,"M","chinook","Mid.Up_Columbia_R_sp","0.8944","Snake_R_sp","0.1056","Winthrop","0.998485"
"90839-601",50850,"F","chinook","Snake_R_sp","0.9999","Mid.Up_Columbia_R_sp","0.0001","Rapid_River","0.997860"
"90839-602",50851,"M","chinook","Mid.Up_Columbia_R_sp","0.80789254","Snake_R_sp","0.00340746","Carson","0.999175"
"90839-603",50852,"F","chinook","Mid.Up_Columbia_R_sp","0.97310268","Snake_R_sp","0.02679732","Little_White_Salmon_sp","0.975895"
"90839-604",50853,"F","chinook","Mid.Up_Columbia_R_sp","0.957","Snake_R_sp","0.043","SF_Walla_Walla","0.979896"
"90839-605",50854,"M","chinook","Mid.Up_Columbia_R_sp","0.98401911","Snake_R_sp","0.00128089","Carson","0.999296"
"90839-606",50855,"F","chinook","Willamette_R","1","Deschutes_R_fa","0",NA,NA
"90839-607",50856,"M","chinook","Mid.Up_Columbia_R_sp","0.99060093","Snake_R_sp","0.00929907","Carson","0.998686"
"90839-609",50858,"F","chinook","Snake_R_sp","0.87365509","Mid.Up_Columbia_R_sp","0.05804491","Little_White_Salmon_sp","0.996444"
"90839-610",50871,"F","chinook","Mid.Up_Columbia_R_sp","0.54462755","Snake_R_sp","0.45487245",NA,NA
"90839-611",50872,"M","chinook","Up_Columbia_R_su.fa","0.99520551","Snake_R_fa","0.00289449","Little_White_Salmon_fa","0.995184"
"90839-612",50873,"F","chinook","Spring_Cr_Group_tule","1","Deschutes_R_fa","0","Bonneville","0.983607"
"90839-613",50874,"M","chinook","Spring_Cr_Group_tule","0.9989","Deschutes_R_fa","0","Bonneville","0.987179"
"90839-615",50876,"F","chinook","Spring_Cr_Group_tule","0.9941","Deschutes_R_fa","0","Bonneville","0.981362"
"90839-616",50877,"M","chinook","Spring_Cr_Group_tule","0.9995","Deschutes_R_fa","0",NA,NA
"90839-617",50878,"M","chinook","Spring_Cr_Group_tule","1","Deschutes_R_fa","0","Spring_Creek","0.984266"
"90839-618",50879,"F","chinook","Spring_Cr_Group_tule","1","Deschutes_R_fa","0","Spring_Creek","0.976494"
"90839-619",50880,"M","chinook","Spring_Cr_Group_tule","0.9993","Deschutes_R_fa","0",NA,NA
"90839-621",50895,"M","chinook","Willamette_R","0.9999","Deschutes_R_fa","0","Minto","0.878511"
"90839-622",50896,"M","chinook","Willamette_R","1","Deschutes_R_fa","0",NA,NA
"90839-623",50897,"F","chinook","Willamette_R","1","Deschutes_R_fa","0",NA,NA
"90839-625",50899,"M","chinook","Up_Columbia_R_su.fa","0.8276","Snake_R_fa","0.1724","Little_White_Salmon_fa","0.994287"
"90839-628",50902,"M","chinook","Willamette_R","1","Deschutes_R_fa","0",NA,NA
"90839-630",50904,"M","chinook","Up_Columbia_R_su.fa","0.99820056","Snake_R_fa","0.00139944","Lyons_Ferry_fa","0.973525"
"90839-631",50905,"M","chinook","Willamette_R","1","Deschutes_R_fa","0",NA,NA
"90839-632",50906,"F","chinook","Spring_Cr_Group_tule","0.9991","Deschutes_R_fa","0","Bonneville","0.937829"
"90839-633",50907,"M","chinook","Spring_Cr_Group_tule","0.99960003","W_Cascade_fa","0.00029997","Bonneville","0.993863"
"90839-634",50909,"F","chinook","Spring_Cr_Group_tule","0.9999","Deschutes_R_fa","0","Spring_Creek","0.969763"
"90839-635",50910,"F","chinook","Spring_Cr_Group_tule","0.9996","W_Cascade_sp","0.0004",NA,NA
"90839-636",50911,"M","chinook","Spring_Cr_Group_tule","0.9936","Deschutes_R_fa","0",NA,NA
"90839-637",50912,"M","chinook","Spring_Cr_Group_tule","0.9997","Deschutes_R_fa","0",NA,NA
"90839-639",50920,"M","chinook","Spring_Cr_Group_tule","0.9999","Deschutes_R_fa","0","Spring_Creek","0.889348"
"90839-640",50922,"M","chinook","Snake_R_sp","0.9812","Mid.Up_Columbia_R_sp","0.0188",NA,NA
"90839-641",50923,"M","chinook","Willamette_R","0.92370762","W_Cascade_sp","0.00009238",NA,NA
"90839-011",50060,"M","chinook","Chilkat_R","50060","Kamchatka","1",NA,NA
"90839-089",50158,"M","chinook","Chilkat_R","50158","Kamchatka","1",NA,NA
"90839-237",50324,"F","chinook","Chilkat_R","50324","Kamchatka","1",NA,NA
"90839-263",50375,"M","chinook","Chilkat_R","50375","Kamchatka","0.9996",NA,NA
"90839-323",50493,"M","chinook","Chilkat_R","50493","Kamchatka","1",NA,NA
"90839-467",50676,"M","chinook","Chilkat_R","50676","Kamchatka","1","Little_White_Salmon_sp","0.999607"
"90839-473",50682,"F","chinook","Chilkat_R","50682","Kamchatka","1","Little_White_Salmon_sp","0.999394"
"90839-484",50712,"F","chinook","Chilkat_R","50712","Kamchatka","1",NA,NA
"90839-525",50762,"M","chinook","Chilkat_R","50762","Kamchatka","0.9999",NA,NA
"90839-565",50812,"F","chinook","Chilkat_R","50812","Kamchatka","0.9999",NA,NA
"90839-629",50903,"F","chinook","Chilkat_R","50903","Kamchatka","0.9999",NA,NA
"90839-250",50362,"F","chinook","Rogue_R","50362","Cent_Valley_sp","0.9999",NA,NA
"90839-279",50436,"F","chinook","Rogue_R","50436","Cent_Valley_sp","0.9939",NA,NA
"90839-309",50479,"M","chinook","Rogue_R","50479","CA_Cst","1",NA,NA
"90839-420",50621,"M","chinook","Rogue_R","50621","Cent_Valley_sp","1",NA,NA
"90839-477",50686,"F","chinook","Rogue_R","50686","Cent_Valley_sp","1",NA,NA
"90839-485",50713,"M","chinook","Rogue_R","50713","Cent_Valley_sp","1",NA,NA
